"Title","Artist(s)","Year","Rank"
"""Volare (Nel blu dipinto di blu)""","Domenico Modugno",1958,1
"""All I Have to Do Is Dream"" / ""Claudette""","The Everly Brothers",1958,2
"""Don't"" / ""I Beg of You""","Elvis Presley",1958,3
"""Witch Doctor""","David Seville",1958,4
"""Patricia""","Perez Prado",1958,5
"""Sail Along, Silv'ry Moon"" / ""Raunchy""","Billy Vaughn",1958,6
"""Catch a Falling Star"" / ""Magic Moments""","Perry Como",1958,7
"""Tequila""","The Champs",1958,8
"""It's All in the Game""","Tommy Edwards",1958,9
"""Return to Me""","Dean Martin",1958,10
"""It's Only Make Believe""","Conway Twitty",1958,11
"""The Purple People Eater""","Sheb Wooley",1958,12
"""Bird Dog"" / ""Devoted to You""","The Everly Brothers",1958,13
"""Get a Job""","The Silhouettes",1958,14
"""Little Star""","The Elegants",1958,15
"""Twilight Time""","The Platters",1958,16
"""Stood Up"" / ""Waitin' in School""","Ricky Nelson",1958,17
"""He's Got the Whole World in His Hands""","Laurie London",1958,18
"""Secretly""","Jimmie Rodgers",1958,19
"""At the Hop""","Danny & the Juniors",1958,20
"""The Battle of New Orleans""","Johnny Horton",1959,1
"""Mack the Knife""","Bobby Darin",1959,2
"""Personality""","Lloyd Price",1959,3
"""Venus""","Frankie Avalon",1959,4
"""Lonely Boy""","Paul Anka",1959,5
"""Dream Lover""","Bobby Darin",1959,6
"""The Three Bells""","The Browns",1959,7
"""Come Softly to Me""","The Fleetwoods",1959,8
"""Kansas City""","Wilbert Harrison",1959,9
"""Mr. Blue""","The Fleetwoods",1959,10
"""Sleep Walk""","Santo & Johnny",1959,11
"""Put Your Head on My Shoulder""","Paul Anka",1959,12
"""Stagger Lee""","Lloyd Price",1959,13
"""Donna""","Ritchie Valens",1959,14
"""Pink Shoe Laces""","Dodie Stevens",1959,15
"""Smoke Gets in Your Eyes""","The Platters",1959,16
"""Charlie Brown""","The Coasters",1959,17
"""Quiet Village""","Martin Denny",1959,18
"""My Heart Is an Open Book""","Carl Dobkins Jr.",1959,19
"""(Till) I Kissed You""","The Everly Brothers",1959,20
"""Theme from A Summer Place""","Percy Faith",1960,1
"""He'll Have to Go""","Jim Reeves",1960,2
"""Cathy's Clown""","The Everly Brothers",1960,3
"""Running Bear""","Johnny Preston",1960,4
"""Teen Angel""","Mark Dinning",1960,5
"""I'm Sorry""","Brenda Lee",1960,6
"""It's Now or Never""","Elvis Presley",1960,7
"""Handy Man""","Jimmy Jones",1960,8
"""Stuck on You""","Elvis Presley",1960,9
"""The Twist""","Chubby Checker",1960,10
"""Everybody's Somebody's Fool""","Connie Francis",1960,11
"""Wild One""","Bobby Rydell",1960,12
"""Greenfields""","The Brothers Four",1960,13
"""What in the World's Come Over You""","Jack Scott",1960,14
"""El Paso""","Marty Robbins",1960,15
"""Alley Oop""","The Hollywood Argyles",1960,16
"""My Heart Has a Mind of Its Own""","Connie Francis",1960,17
"""Sweet Nothin's""","Brenda Lee",1960,18
"""Itsy Bitsy Teenie Weenie Yellow Polkadot Bikini""","Brian Hyland",1960,19
"""Only the Lonely""","Roy Orbison",1960,20
"""Tossin' and Turnin'""","Bobby Lewis",1961,1
"""I Fall to Pieces""","Patsy Cline",1961,2
"""Michael""","The Highwaymen",1961,3
"""Crying""","Roy Orbison",1961,4
"""Runaway""","Del Shannon",1961,5
"""My True Story""","The Jive Five",1961,6
"""Pony Time""","Chubby Checker",1961,7
"""Wheels""","The String-A-Longs",1961,8
"""Raindrops""","Dee Clark",1961,9
"""Wooden Heart""","Joe Dowell",1961,10
"""Calcutta""","Lawrence Welk",1961,11
"""Take Good Care of My Baby""","Bobby Vee",1961,12
"""Running Scared""","Roy Orbison",1961,13
"""Dedicated to the One I Love""","The Shirelles",1961,14
"""Last Night""","The Mar-Keys",1961,15
"""Will You Love Me Tomorrow""","The Shirelles",1961,16
"""Exodus""","Ferrante & Teicher",1961,17
"""Where the Boys Are""","Connie Francis",1961,18
"""Hit the Road Jack""","Ray Charles",1961,19
"""Sad Movies (Make Me Cry)""","Sue Thompson",1961,20
"""Stranger on the Shore""","Acker Bilk",1962,1
"""I Can't Stop Loving You""","Ray Charles",1962,2
"""Mashed Potato Time""","Dee Dee Sharp",1962,3
"""Roses Are Red (My Love)""","Bobby Vinton",1962,4
"""The Stripper""","David Rose",1962,5
"""Johnny Angel""","Shelley Fabares",1962,6
"""The Loco-Motion""","Little Eva",1962,7
"""Let Me In""","The Sensations",1962,8
"""The Twist""","Chubby Checker",1962,9
"""Soldier Boy""","The Shirelles",1962,10
"""Hey! Baby""","Bruce Channel",1962,11
"""The Wanderer""","Dion",1962,12
"""Duke of Earl""","Gene Chandler",1962,13
"""Palisades Park""","Freddy Cannon",1962,14
"""Breaking Up Is Hard to Do""","Neil Sedaka",1962,15
"""Wolverton Mountain""","Claude King",1962,16
"""Slow Twistin'""","Chubby Checker & Dee Dee Sharp",1962,17
"""It Keeps Right On a-Hurtin'""","Johnny Tillotson",1962,18
"""The One Who Really Loves You""","Mary Wells",1962,19
"""Good Luck Charm""","Elvis Presley",1962,20
"""Surfin' U.S.A.""","The Beach Boys",1963,1
"""The End of the World""","Skeeter Davis",1963,2
"""Rhythm of the Rain""","The Cascades",1963,3
"""He's So Fine""","The Chiffons",1963,4
"""Blue Velvet""","Bobby Vinton",1963,5
"""Hey Paula""","Paul & Paula",1963,6
"""Fingertips – Part 2""","Little Stevie Wonder",1963,7
"""Can't Get Used to Losing You""","Andy Williams",1963,8
"""My Boyfriend's Back""","The Angels",1963,9
"""Sukiyaki""","Kyu Sakamoto",1963,10
"""So Much in Love""","The Tymes",1963,11
"""Puff, the Magic Dragon""","Peter, Paul and Mary",1963,12
"""Blowin' in the Wind""","Peter, Paul and Mary",1963,13
"""Wipe Out""","The Surfaris",1963,14
"""I Love You Because""","Al Martino",1963,15
"""Wild Weekend""","The Rebels",1963,16
"""You're the Reason I'm Living""","Bobby Darin",1963,17
"""Walk Like a Man""","The Four Seasons",1963,18
"""Mockingbird""","Inez and Charlie Foxx",1963,19
"""I Will Follow Him""","Little Peggy March",1963,20
"""I Want to Hold Your Hand""","The Beatles",1964,1
"""She Loves You""","The Beatles",1964,2
"""Hello, Dolly!""","Louis Armstrong",1964,3
"""Oh, Pretty Woman""","Roy Orbison",1964,4
"""I Get Around""","The Beach Boys",1964,5
"""Everybody Loves Somebody""","Dean Martin",1964,6
"""My Guy""","Mary Wells",1964,7
"""We'll Sing in the Sunshine""","Gale Garnett",1964,8
"""Last Kiss""","J. Frank Wilson and the Cavaliers",1964,9
"""Where Did Our Love Go""","The Supremes",1964,10
"""People""","Barbra Streisand",1964,11
"""Java""","Al Hirt",1964,12
"""A Hard Day's Night""","The Beatles",1964,13
"""Love Me Do""","The Beatles",1964,14
"""Do Wah Diddy Diddy""","Manfred Mann",1964,15
"""Please Please Me""","The Beatles",1964,16
"""Dancing in the Street""","Martha and the Vandellas",1964,17
"""Little Children""","Billy J. Kramer & The Dakotas",1964,18
"""Love Me with All Your Heart (Cuando Calienta El Sol)""","The Ray Charles Singers",1964,19
"""Under the Boardwalk""","The Drifters",1964,20
"""Wooly Bully""","Sam the Sham and the Pharaohs",1965,1
"""I Can't Help Myself (Sugar Pie Honey Bunch)""","Four Tops",1965,2
"""(I Can't Get No) Satisfaction""","The Rolling Stones",1965,3
"""You Were on My Mind""","We Five",1965,4
"""You've Lost That Lovin' Feelin'""","The Righteous Brothers",1965,5
"""Downtown""","Petula Clark",1965,6
"""Help!""","The Beatles",1965,7
"""Can't You Hear My Heartbeat""","Herman's Hermits",1965,8
"""Crying in the Chapel""","Elvis Presley",1965,9
"""My Girl""","The Temptations",1965,10
"""Help Me, Rhonda""","The Beach Boys",1965,11
"""King of the Road""","Roger Miller",1965,12
"""The Birds and the Bees""","Jewel Akens",1965,13
"""Hold Me, Thrill Me, Kiss Me""","Mel Carter",1965,14
"""Shotgun""","Junior Walker & the All Stars",1965,15
"""I Got You Babe""","Sonny & Cher",1965,16
"""This Diamond Ring""","Gary Lewis & the Playboys",1965,17
"""The 'In' Crowd""","Ramsey Lewis Trio",1965,18
"""Mrs. Brown, You've Got a Lovely Daughter""","Herman's Hermits",1965,19
"""Stop! In the Name of Love""","The Supremes",1965,20
"""California Dreamin'""","The Mamas & the Papas",1966,1
"""96 Tears""","? and the Mysterians",1966,2
"""What Becomes of the Brokenhearted""","Jimmy Ruffin",1966,3
"""Last Train to Clarksville""","The Monkees",1966,4
"""Reach Out I'll Be There""","Four Tops",1966,5
"""These Boots Are Made for Walkin'""","Nancy Sinatra",1966,6
"""Cherish""","The Association",1966,7
"""Strangers in the Night""","Frank Sinatra",1966,8
"""Kicks""","Paul Revere & the Raiders",1966,9
"""The Ballad of the Green Berets""","SSgt Barry Sadler",1966,10
"""Good Lovin'""","The Young Rascals",1966,11
"""(You're My) Soul and Inspiration""","The Righteous Brothers",1966,12
"""You Can't Hurry Love""","The Supremes",1966,13
"""Sunny""","Bobby Hebb",1966,14
"""See You in September""","The Happenings",1966,15
"""Li'l Red Riding Hood""","Sam the Sham and the Pharaohs",1966,16
"""Lightnin' Strikes""","Lou Christie",1966,17
"""Poor Side of Town""","Johnny Rivers",1966,18
"""Working in the Coal Mine""","Lee Dorsey",1966,19
"""A Groovy Kind of Love""","The Mindbenders",1966,20
"""To Sir With Love""","Lulu",1967,1
"""The Letter""","The Box Tops",1967,2
"""Ode to Billie Joe""","Bobbie Gentry",1967,3
"""Windy""","The Association",1967,4
"""I'm a Believer""","The Monkees",1967,5
"""Light My Fire""","The Doors",1967,6
"""Somethin' Stupid""","Frank & Nancy Sinatra",1967,7
"""Happy Together""","The Turtles",1967,8
"""Groovin'""","The Young Rascals",1967,9
"""Can't Take My Eyes Off You""","Frankie Valli",1967,10
"""Little Bit O' Soul""","The Music Explosion",1967,11
"""I Think We're Alone Now""","Tommy James and the Shondells",1967,12
"""Respect""","Aretha Franklin",1967,13
"""I Was Made to Love Her""","Stevie Wonder",1967,14
"""Come Back When You Grow Up""","Bobby Vee",1967,15
"""Kind of a Drag""","The Buckinghams",1967,16
"""Sweet Soul Music""","Arthur Conley",1967,17
"""Expressway to Your Heart""","Soul Survivors",1967,18
"""Soul Man""","Sam & Dave",1967,19
"""Never My Love""","The Association",1967,20
"""Hey Jude""","The Beatles",1968,1
"""Love is Blue""","Paul Mauriat",1968,2
"""Honey""","Bobby Goldsboro",1968,3
"""(Sittin' On) The Dock of the Bay""","Otis Redding",1968,4
"""People Got to Be Free""","The Rascals",1968,5
"""Sunshine of Your Love""","Cream",1968,6
"""This Guy's in Love with You""","Herb Alpert",1968,7
"""The Good, the Bad and the Ugly""","Hugo Montenegro",1968,8
"""Mrs. Robinson""","Simon & Garfunkel",1968,9
"""Tighten Up""","Archie Bell & the Drells",1968,10
"""Harper Valley PTA""","Jeannie C. Riley",1968,11
"""Little Green Apples""","O. C. Smith",1968,12
"""Mony Mony""","Tommy James and the Shondells",1968,13
"""Hello, I Love You""","The Doors",1968,14
"""Young Girl""","Gary Puckett & The Union Gap",1968,15
"""Cry Like a Baby""","The Box Tops",1968,16
"""Stoned Soul Picnic""","The 5th Dimension",1968,17
"""Grazing in the Grass""","Hugh Masekela",1968,18
"""Midnight Confessions""","The Grass Roots",1968,19
"""Dance to the Music""","Sly and the Family Stone",1968,20
"""Sugar, Sugar""","The Archies",1969,1
"""Aquarius/Let the Sunshine In""","The 5th Dimension",1969,2
"""I Can't Get Next to You""","The Temptations",1969,3
"""Honky Tonk Women""","The Rolling Stones",1969,4
"""Everyday People""","Sly and the Family Stone",1969,5
"""Dizzy""","Tommy Roe",1969,6
"""Hot Fun in the Summertime""","Sly and the Family Stone",1969,7
"""I'll Never Fall in Love Again""","Tom Jones",1969,8
"""Build Me Up Buttercup""","The Foundations",1969,9
"""Crimson and Clover""","Tommy James and the Shondells",1969,10
"""One""","Three Dog Night",1969,11
"""Crystal Blue Persuasion""","Tommy James and the Shondells",1969,12
"""Hair""","The Cowsills",1969,13
"""Too Busy Thinking About My Baby""","Marvin Gaye",1969,14
"""Love Theme from Romeo and Juliet""","Henry Mancini",1969,15
"""Get Together""","The Youngbloods",1969,16
"""Grazing in the Grass""","The Friends of Distinction",1969,17
"""Suspicious Minds""","Elvis Presley",1969,18
"""Proud Mary""","Creedence Clearwater Revival",1969,19
"""What Does It Take (To Win Your Love)""","Jr. Walker & The All Stars",1969,20
"""Bridge Over Troubled Water""","Simon & Garfunkel",1970,1
"""(They Long to Be) Close to You""","The Carpenters",1970,2
"""American Woman""","The Guess Who",1970,3
"""Raindrops Keep Fallin' on My Head""","B.J. Thomas",1970,4
"""War""","Edwin Starr",1970,5
"""Ain't No Mountain High Enough""","Diana Ross",1970,6
"""I'll Be There""","The Jackson 5",1970,7
"""Get Ready""","Rare Earth",1970,8
"""Let It Be""","The Beatles",1970,9
"""Band of Gold""","Freda Payne",1970,10
"""Mama Told Me (Not to Come)""","Three Dog Night",1970,11
"""Everything Is Beautiful""","Ray Stevens",1970,12
"""Make It with You""","Bread",1970,13
"""Hitchin' a Ride""","Vanity Fare",1970,14
"""ABC""","The Jackson 5",1970,15
"""The Love You Save""","The Jackson 5",1970,16
"""Cracklin' Rosie""","Neil Diamond",1970,17
"""Candida""","Dawn",1970,18
"""Thank You (Falettinme Be Mice Elf Agin)""","Sly & the Family Stone",1970,19
"""Spill the Wine""","Eric Burdon & War",1970,20
NA,NA,1971,1
NA,NA,1971,2
NA,NA,1971,3
NA,NA,1971,4
NA,NA,1971,5
NA,NA,1971,6
NA,NA,1971,7
NA,NA,1971,8
NA,NA,1971,9
NA,NA,1971,10
NA,NA,1971,11
NA,NA,1971,12
NA,NA,1971,13
NA,NA,1971,14
NA,NA,1971,15
NA,NA,1971,16
NA,NA,1971,17
NA,NA,1971,18
NA,NA,1971,19
NA,NA,1971,20
"""The First Time Ever I Saw Your Face""","Roberta Flack",1972,1
"""Alone Again (Naturally)""","Gilbert O'Sullivan",1972,2
"""American Pie""","Don McLean",1972,3
"""Without You""","Harry Nilsson",1972,4
"""The Candy Man""","Sammy Davis Jr.",1972,5
"""I Gotcha""","Joe Tex",1972,6
"""Lean on Me""","Bill Withers",1972,7
"""Baby, Don't Get Hooked on Me""","Mac Davis",1972,8
"""Brand New Key""","Melanie",1972,9
"""Daddy Don't You Walk So Fast""","Wayne Newton",1972,10
"""Let's Stay Together""","Al Green",1972,11
"""Brandy (You're a Fine Girl)""","Looking Glass",1972,12
"""Oh Girl""","The Chi-Lites",1972,13
"""Nice to Be with You""","Gallery",1972,14
"""My Ding-a-Ling""","Chuck Berry",1972,15
"""(If Loving You Is Wrong) I Don't Want to Be Right""","Luther Ingram",1972,16
"""Heart of Gold""","Neil Young",1972,17
"""Betcha by Golly, Wow""","The Stylistics",1972,18
"""I'll Take You There""","The Staple Singers",1972,19
"""Ben""","Michael Jackson",1972,20
"""Tie a Yellow Ribbon Round the Ole Oak Tree""","Tony Orlando and Dawn",1973,1
"""Bad, Bad Leroy Brown""","Jim Croce",1973,2
"""Killing Me Softly with His Song""","Roberta Flack",1973,3
"""Let's Get It On""","Marvin Gaye",1973,4
"""My Love""","Paul McCartney & Wings",1973,5
"""Why Me""","Kris Kristofferson",1973,6
"""Crocodile Rock""","Elton John",1973,7
"""Will It Go Round in Circles""","Billy Preston",1973,8
"""You're So Vain""","Carly Simon",1973,9
"""Touch Me in the Morning""","Diana Ross",1973,10
"""The Night the Lights Went Out in Georgia""","Vicki Lawrence",1973,11
"""Playground in My Mind""","Clint Holmes",1973,12
"""Brother Louie""","Stories",1973,13
"""Delta Dawn""","Helen Reddy",1973,14
"""Me and Mrs. Jones""","Billy Paul",1973,15
"""Frankenstein""","The Edgar Winter Group",1973,16
"""Drift Away""","Dobie Gray",1973,17
"""Little Willy""","Sweet",1973,18
"""You Are the Sunshine of My Life""","Stevie Wonder",1973,19
"""Half-Breed""","Cher",1973,20
"""The Way We Were""","Barbra Streisand",1974,1
"""Seasons in the Sun""","Terry Jacks",1974,2
"""Love's Theme""","Love Unlimited Orchestra",1974,3
"""Come and Get Your Love""","Redbone",1974,4
"""Dancing Machine""","The Jackson 5",1974,5
"""The Loco-Motion""","Grand Funk Railroad",1974,6
"""TSOP (The Sound of Philadelphia)""","MFSB",1974,7
"""The Streak""","Ray Stevens",1974,8
"""Bennie and the Jets""","Elton John",1974,9
"""One Hell of a Woman""","Mac Davis",1974,10
"""Until You Come Back to Me (That's What I'm Gonna Do)""","Aretha Franklin",1974,11
"""Jungle Boogie""","Kool & the Gang",1974,12
"""Midnight at the Oasis""","Maria Muldaur",1974,13
"""You Make Me Feel Brand New""","The Stylistics",1974,14
"""Show and Tell""","Al Wilson",1974,15
"""Spiders and Snakes""","Jim Stafford",1974,16
"""Rock On""","David Essex",1974,17
"""Sunshine on My Shoulders""","John Denver",1974,18
"""Sideshow""","Blue Magic",1974,19
"""Hooked on a Feeling""","Blue Swede",1974,20
"""Love Will Keep Us Together""","Captain & Tennille",1975,1
"""Rhinestone Cowboy""","Glen Campbell",1975,2
"""Philadelphia Freedom""","Elton John",1975,3
"""Before the Next Teardrop Falls""","Freddy Fender",1975,4
"""My Eyes Adored You""","Frankie Valli",1975,5
"""Some Kind of Wonderful""","Grand Funk Railroad",1975,6
"""Shining Star""","Earth, Wind & Fire",1975,7
"""Fame""","David Bowie",1975,8
"""Laughter in the Rain""","Neil Sedaka",1975,9
"""One of These Nights""","Eagles",1975,10
"""Thank God I'm a Country Boy""","John Denver",1975,11
"""Jive Talkin'""","Bee Gees",1975,12
"""Best of My Love""","Eagles",1975,13
"""Lovin' You""","Minnie Riperton",1975,14
"""Kung Fu Fighting""","Carl Douglas",1975,15
"""Black Water""","The Doobie Brothers",1975,16
"""The Ballroom Blitz""","Sweet",1975,17
"""(Hey Won't You Play) Another Somebody Done Somebody Wrong Song""","B.J. Thomas",1975,18
"""He Don't Love You (Like I Love You)""","Tony Orlando and Dawn",1975,19
"""At Seventeen""","Janis Ian",1975,20
"""Silly Love Songs""","Wings",1976,1
"""Don't Go Breaking My Heart""","Elton John & Kiki Dee",1976,2
"""Disco Lady""","Johnnie Taylor",1976,3
"""December, 1963 (Oh, What a Night)""","The Four Seasons",1976,4
"""Play That Funky Music""","Wild Cherry",1976,5
"""Kiss and Say Goodbye""","The Manhattans",1976,6
"""Love Machine""","The Miracles",1976,7
"""50 Ways to Leave Your Lover""","Paul Simon",1976,8
"""Love Is Alive""","Gary Wright",1976,9
"""A Fifth of Beethoven""","Walter Murphy & The Big Apple Band",1976,10
"""Sara Smile""","Hall & Oates",1976,11
"""Afternoon Delight""","Starland Vocal Band",1976,12
"""I Write the Songs""","Barry Manilow",1976,13
"""Fly, Robin, Fly""","Silver Convention",1976,14
"""Love Hangover""","Diana Ross",1976,15
"""Get Closer""","Seals and Crofts",1976,16
"""More, More, More""","Andrea True Connection",1976,17
"""Bohemian Rhapsody""","Queen",1976,18
"""Misty Blue""","Dorothy Moore",1976,19
"""Boogie Fever""","The Sylvers",1976,20
"""Tonight's the Night (Gonna Be Alright)""","Rod Stewart",1977,1
"""I Just Want to Be Your Everything""","Andy Gibb",1977,2
"""Best of My Love""","The Emotions",1977,3
"""Evergreen (Love Theme from A Star Is Born)""","Barbra Streisand",1977,4
"""Angel in Your Arms""","Hot",1977,5
"""I Like Dreamin'""","Kenny Nolan",1977,6
"""Don't Leave Me This Way""","Thelma Houston",1977,7
"""(Your Love Has Lifted Me) Higher and Higher""","Rita Coolidge",1977,8
"""Undercover Angel""","Alan O'Day",1977,9
"""Torn Between Two Lovers""","Mary MacGregor",1977,10
"""I'm Your Boogie Man""","KC and the Sunshine Band",1977,11
"""Dancing Queen""","ABBA",1977,12
"""You Make Me Feel Like Dancing""","Leo Sayer",1977,13
"""Margaritaville""","Jimmy Buffett",1977,14
"""Telephone Line""","Electric Light Orchestra",1977,15
"""Whatcha Gonna Do?""","Pablo Cruise",1977,16
"""Do You Wanna Make Love""","Peter McCann",1977,17
"""Sir Duke""","Stevie Wonder",1977,18
"""Hotel California""","Eagles",1977,19
"""Got to Give It Up""","Marvin Gaye",1977,20
"""Shadow Dancing""","Andy Gibb",1978,1
"""Night Fever""","Bee Gees",1978,2
"""You Light Up My Life""","Debby Boone",1978,3
"""Stayin' Alive""","Bee Gees",1978,4
"""Kiss You All Over""","Exile",1978,5
"""How Deep Is Your Love""","Bee Gees",1978,6
"""Baby Come Back""","Player",1978,7
"""(Love Is) Thicker Than Water""","Andy Gibb",1978,8
"""Boogie Oogie Oogie""","A Taste of Honey",1978,9
"""Three Times a Lady""","Commodores",1978,10
"""Grease""","Frankie Valli",1978,11
"""I Go Crazy""","Paul Davis",1978,12
"""You're the One That I Want""","John Travolta & Olivia Newton-John",1978,13
"""Emotion""","Samantha Sang",1978,14
"""Lay Down Sally""","Eric Clapton",1978,15
"""Miss You""","The Rolling Stones",1978,16
"""Just the Way You Are""","Billy Joel",1978,17
"""With a Little Luck""","Wings",1978,18
"""If I Can't Have You""","Yvonne Elliman",1978,19
"""Dance, Dance, Dance (Yowsah, Yowsah, Yowsah)""","Chic",1978,20
"""My Sharona""","The Knack",1979,1
"""Bad Girls""","Donna Summer",1979,2
"""Le Freak""","Chic",1979,3
"""Da Ya Think I'm Sexy?""","Rod Stewart",1979,4
"""Reunited""","Peaches & Herb",1979,5
"""I Will Survive""","Gloria Gaynor",1979,6
"""Hot Stuff""","Donna Summer",1979,7
"""Y.M.C.A.""","Village People",1979,8
"""Ring My Bell""","Anita Ward",1979,9
"""Sad Eyes""","Robert John",1979,10
"""Too Much Heaven""","Bee Gees",1979,11
"""MacArthur Park""","Donna Summer",1979,12
"""When You're in Love with a Beautiful Woman""","Dr. Hook",1979,13
"""Makin' It""","David Naughton",1979,14
"""Fire""","The Pointer Sisters",1979,15
"""Tragedy""","Bee Gees",1979,16
"""A Little More Love""","Olivia Newton-John",1979,17
"""Heart of Glass""","Blondie",1979,18
"""What a Fool Believes""","The Doobie Brothers",1979,19
"""Good Times""","Chic",1979,20
"""Call Me""","Blondie",1980,1
"""Another Brick in the Wall, Part II""","Pink Floyd",1980,2
"""Magic""","Olivia Newton-John",1980,3
"""Rock with You""","Michael Jackson",1980,4
"""Do That to Me One More Time""","Captain & Tennille",1980,5
"""Crazy Little Thing Called Love""","Queen",1980,6
"""Coming Up""","Paul McCartney",1980,7
"""Funkytown""","Lipps Inc.",1980,8
"""It's Still Rock and Roll to Me""","Billy Joel",1980,9
"""The Rose""","Bette Midler",1980,10
"""Escape (The Piña Colada Song)""","Rupert Holmes",1980,11
"""Cars""","Gary Numan",1980,12
"""Cruisin""","Smokey Robinson",1980,13
"""Working My Way Back to You/Forgive Me, Girl""","The Spinners",1980,14
"""Lost in Love""","Air Supply",1980,15
"""Little Jeannie""","Elton John",1980,16
"""Ride Like the Wind""","Christopher Cross",1980,17
"""Upside Down""","Diana Ross",1980,18
"""Please Don't Go""","KC and the Sunshine Band",1980,19
"""Babe""","Styx",1980,20
"""Bette Davis Eyes""","Kim Carnes",1981,1
"""Endless Love""","Diana Ross & Lionel Richie",1981,2
"""Lady""","Kenny Rogers",1981,3
"""(Just Like) Starting Over""","John Lennon",1981,4
"""Jessie's Girl""","Rick Springfield",1981,5
"""Celebration""","Kool & the Gang",1981,6
"""Kiss on My List""","Daryl Hall & John Oates",1981,7
"""I Love a Rainy Night""","Eddie Rabbitt",1981,8
"""9 To 5""","Dolly Parton",1981,9
"""Keep on Loving You""","REO Speedwagon",1981,10
"""Theme from The Greatest American Hero (Believe It or Not)""","Joey Scarbury",1981,11
"""Morning Train (Nine to Five)""","Sheena Easton",1981,12
"""Being with You""","Smokey Robinson",1981,13
"""Queen of Hearts""","Juice Newton",1981,14
"""Rapture""","Blondie",1981,15
"""A Woman Needs Love (Just Like You Do)""","Raydio",1981,16
"""The Tide Is High""","Blondie",1981,17
"""Just the Two of Us""","Grover Washington, Jr. & Bill Withers",1981,18
"""Slow Hand""","The Pointer Sisters",1981,19
"""I Love You""","Climax Blues Band",1981,20
"""Physical""","Olivia Newton-John",1982,1
"""Eye of the Tiger""","Survivor",1982,2
"""I Love Rock 'n Roll""","Joan Jett & The Blackhearts",1982,3
"""Ebony and Ivory""","Paul McCartney and Stevie Wonder",1982,4
"""Centerfold""","The J. Geils Band",1982,5
"""Don't You Want Me""","The Human League",1982,6
"""Jack & Diane""","John Cougar",1982,7
"""Hurts So Good""","John Cougar",1982,8
"""Abracadabra""","Steve Miller Band",1982,9
"""Hard to Say I'm Sorry""","Chicago",1982,10
"""Tainted Love""","Soft Cell",1982,11
"""Chariots of Fire""","Vangelis",1982,12
"""Harden My Heart""","Quarterflash",1982,13
"""Rosanna""","Toto",1982,14
"""I Can't Go for That (No Can Do)""","Daryl Hall & John Oates",1982,15
"""867-5309/Jenny""","Tommy Tutone",1982,16
"""Key Largo""","Bertie Higgins",1982,17
"""You Should Hear How She Talks About You""","Melissa Manchester",1982,18
"""Waiting for a Girl Like You""","Foreigner",1982,19
"""Don't Talk to Strangers""","Rick Springfield",1982,20
"""Every Breath You Take""","The Police",1983,1
"""Billie Jean""","Michael Jackson",1983,2
"""Flashdance... What a Feeling""","Irene Cara",1983,3
"""Down Under""","Men at Work",1983,4
"""Beat It""","Michael Jackson",1983,5
"""Total Eclipse of the Heart""","Bonnie Tyler",1983,6
"""Maneater""","Daryl Hall & John Oates",1983,7
"""Baby, Come to Me""","Patti Austin and James Ingram",1983,8
"""Maniac""","Michael Sembello",1983,9
"""Sweet Dreams (Are Made of This)""","Eurythmics",1983,10
"""Do You Really Want to Hurt Me""","Culture Club",1983,11
"""You and I""","Eddie Rabbitt and Crystal Gayle",1983,12
"""Come On Eileen""","Dexys Midnight Runners",1983,13
"""Shame on the Moon""","Bob Seger & The Silver Bullet Band",1983,14
"""She Works Hard for the Money""","Donna Summer",1983,15
"""Never Gonna Let You Go""","Sérgio Mendes",1983,16
"""Hungry Like the Wolf""","Duran Duran",1983,17
"""Let's Dance""","David Bowie",1983,18
"""Twilight Zone""","Golden Earring",1983,19
"""I Know There's Something Going On""","Frida",1983,20
"""When Doves Cry""","Prince",1984,1
"""What's Love Got to Do with It""","Tina Turner",1984,2
"""Say, Say, Say""","Paul McCartney and Michael Jackson",1984,3
"""Footloose""","Kenny Loggins",1984,4
"""Against All Odds (Take a Look at Me Now)""","Phil Collins",1984,5
"""Jump""","Van Halen",1984,6
"""Hello""","Lionel Richie",1984,7
"""Owner of a Lonely Heart""","Yes",1984,8
"""Ghostbusters""","Ray Parker Jr.",1984,9
"""Karma Chameleon""","Culture Club",1984,10
"""Missing You""","John Waite",1984,11
"""All Night Long (All Night)""","Lionel Richie",1984,12
"""Let's Hear It for the Boy""","Deniece Williams",1984,13
"""Dancing in the Dark""","Bruce Springsteen",1984,14
"""Girls Just Want to Have Fun""","Cyndi Lauper",1984,15
"""The Reflex""","Duran Duran",1984,16
"""Time After Time""","Cyndi Lauper",1984,17
"""Jump (For My Love)""","The Pointer Sisters",1984,18
"""Talking in Your Sleep""","The Romantics",1984,19
"""Self Control""","Laura Branigan",1984,20
"""Careless Whisper""","Wham!",1985,1
"""Like a Virgin""","Madonna",1985,2
"""Wake Me Up Before You Go-Go""","Wham!",1985,3
"""I Want to Know What Love Is""","Foreigner",1985,4
"""I Feel for You""","Chaka Khan",1985,5
"""Out of Touch""","Daryl Hall & John Oates",1985,6
"""Everybody Wants to Rule the World""","Tears for Fears",1985,7
"""Money for Nothing""","Dire Straits",1985,8
"""Crazy for You""","Madonna",1985,9
"""Take On Me""","a-ha",1985,10
"""Everytime You Go Away""","Paul Young",1985,11
"""Easy Lover""","Philip Bailey and Phil Collins",1985,12
"""Can't Fight This Feeling""","REO Speedwagon",1985,13
"""We Built This City""","Starship",1985,14
"""The Power of Love""","Huey Lewis and the News",1985,15
"""Don't You (Forget About Me)""","Simple Minds",1985,16
"""Cherish""","Kool & the Gang",1985,17
"""St. Elmo's Fire (Man in Motion)""","John Parr",1985,18
"""The Heat Is On""","Glenn Frey",1985,19
"""We Are the World""","USA for Africa",1985,20
"""That's What Friends Are For""","Dionne and Friends (Dionne Warwick, Gladys Knight, Elton John and Stevie Wonder)",1986,1
"""Say You, Say Me""","Lionel Richie",1986,2
"""I Miss You""","Klymaxx",1986,3
"""On My Own""","Patti LaBelle and Michael McDonald",1986,4
"""Broken Wings""","Mr. Mister",1986,5
"""How Will I Know""","Whitney Houston",1986,6
"""Party All the Time""","Eddie Murphy",1986,7
"""Burning Heart""","Survivor",1986,8
"""Kyrie""","Mr. Mister",1986,9
"""Addicted to Love""","Robert Palmer",1986,10
"""The Greatest Love of All""","Whitney Houston",1986,11
"""Secret Lovers""","Atlantic Starr",1986,12
"""Friends and Lovers""","Gloria Loring and Carl Anderson",1986,13
"""Glory of Love""","Peter Cetera",1986,14
"""West End Girls""","Pet Shop Boys",1986,15
"""There'll Be Sad Songs (To Make You Cry)""","Billy Ocean",1986,16
"""Alive and Kicking""","Simple Minds",1986,17
"""Never""","Heart",1986,18
"""Kiss""","Prince and The Revolution",1986,19
"""Higher Love""","Steve Winwood",1986,20
"""Walk Like An Egyptian""","The Bangles",1987,1
"""Alone""","Heart",1987,2
"""Shake You Down""","Gregory Abbott",1987,3
"""I Wanna Dance with Somebody (Who Loves Me)""","Whitney Houston",1987,4
"""Nothing's Gonna Stop Us Now""","Starship",1987,5
"""C'est La Vie""","Robbie Nevil",1987,6
"""Here I Go Again""","Whitesnake",1987,7
"""The Way It Is""","Bruce Hornsby and the Range",1987,8
"""Shakedown""","Bob Seger",1987,9
"""Livin' on a Prayer""","Bon Jovi",1987,10
"""La Bamba""","Los Lobos",1987,11
"""Everybody Have Fun Tonight""","Wang Chung",1987,12
"""Don't Dream It's Over""","Crowded House",1987,13
"""Always""","Atlantic Starr",1987,14
"""With or Without You""","U2",1987,15
"""Looking for a New Love""","Jody Watley",1987,16
"""Head to Toe""","Lisa Lisa and Cult Jam",1987,17
"""I Think We're Alone Now""","Tiffany",1987,18
"""Mony Mony""","Billy Idol",1987,19
"""At This Moment""","Billy Vera and the Beaters",1987,20
"""Faith""","George Michael",1988,1
"""Need You Tonight""","INXS",1988,2
"""Got My Mind Set on You""","George Harrison",1988,3
"""Never Gonna Give You Up""","Rick Astley",1988,4
"""Sweet Child o' Mine""","Guns N' Roses",1988,5
"""So Emotional""","Whitney Houston",1988,6
"""Heaven Is a Place on Earth""","Belinda Carlisle",1988,7
"""Could've Been""","Tiffany",1988,8
"""Hands to Heaven""","Breathe",1988,9
"""Roll with It""","Steve Winwood",1988,10
"""One More Try""","George Michael",1988,11
"""Wishing Well""","Terence Trent D'Arby",1988,12
"""Anything for You""","Gloria Estefan and Miami Sound Machine",1988,13
"""The Flame""","Cheap Trick",1988,14
"""Get Outta My Dreams, Get into My Car""","Billy Ocean",1988,15
"""Seasons Change""","Exposé",1988,16
"""Is This Love""","Whitesnake",1988,17
"""Wild, Wild West""","The Escape Club",1988,18
"""Pour Some Sugar on Me""","Def Leppard",1988,19
"""I'll Always Love You""","Taylor Dayne",1988,20
"""Look Away""","Chicago",1989,1
"""My Prerogative""","Bobby Brown",1989,2
"""Every Rose Has Its Thorn""","Poison",1989,3
"""Straight Up""","Paula Abdul",1989,4
"""Miss You Much""","Janet Jackson",1989,5
"""Cold Hearted""","Paula Abdul",1989,6
"""Wind Beneath My Wings""","Bette Midler",1989,7
"""Girl You Know It's True""","Milli Vanilli",1989,8
"""Baby, I Love Your Way/Freebird Medley""","Will to Power",1989,9
"""Giving You the Best That I Got""","Anita Baker",1989,10
"""Right Here Waiting""","Richard Marx",1989,11
"""Waiting For a Star to Fall""","Boy Meets Girl",1989,12
"""Lost in Your Eyes""","Debbie Gibson",1989,13
"""Don't Wanna Lose You""","Gloria Estefan",1989,14
"""Heaven""","Warrant",1989,15
"""Girl I'm Gonna Miss You""","Milli Vanilli",1989,16
"""The Look""","Roxette",1989,17
"""She Drives Me Crazy""","Fine Young Cannibals",1989,18
"""On Our Own""","Bobby Brown",1989,19
"""Two Hearts""","Phil Collins",1989,20
"""Hold On""","Wilson Phillips",1990,1
"""It Must Have Been Love""","Roxette",1990,2
"""Nothing Compares 2 U""","Sinéad O'Connor",1990,3
"""Poison""","Bell Biv DeVoe",1990,4
"""Vogue""","Madonna",1990,5
"""Vision of Love""","Mariah Carey",1990,6
"""Another Day in Paradise""","Phil Collins",1990,7
"""Hold On""","En Vogue",1990,8
"""Cradle of Love""","Billy Idol",1990,9
"""Blaze of Glory""","Jon Bon Jovi",1990,10
"""Do Me!""","Bell Biv DeVoe",1990,11
"""How Am I Supposed to Live Without You""","Michael Bolton",1990,12
"""Pump Up the Jam""","Technotronic",1990,13
"""Opposites Attract""","Paula Abdul",1990,14
"""Escapade""","Janet Jackson",1990,15
"""All I Wanna Do Is Make Love to You""","Heart",1990,16
"""Close to You""","Maxi Priest",1990,17
"""Black Velvet""","Alannah Myles",1990,18
"""Release Me""","Wilson Phillips",1990,19
"""Don't Know Much""","Linda Ronstadt featuring Aaron Neville",1990,20
"""(Everything I Do) I Do It for You""","Bryan Adams",1991,1
"""I Wanna Sex You Up""","Color Me Badd",1991,2
"""Gonna Make You Sweat (Everybody Dance Now)""","C+C Music Factory",1991,3
"""Rush Rush""","Paula Abdul",1991,4
"""One More Try""","Timmy T",1991,5
"""Unbelievable""","EMF",1991,6
"""More Than Words""","Extreme",1991,7
"""I Like the Way (The Kissing Game)""","Hi-Five",1991,8
"""The First Time""","Surface",1991,9
"""Baby Baby""","Amy Grant",1991,10
"""Motownphilly""","Boyz II Men",1991,11
"""Because I Love You (The Postman Song)""","Stevie B",1991,12
"""Someday""","Mariah Carey",1991,13
"""High Enough""","Damn Yankees",1991,14
"""From a Distance""","Bette Midler",1991,15
"""All the Man That I Need""","Whitney Houston",1991,16
"""Right Here, Right Now""","Jesus Jones",1991,17
"""I Adore Mi Amor""","Color Me Badd",1991,18
"""Love Will Never Do (Without You)""","Janet Jackson",1991,19
"""Good Vibrations""","Marky Mark and the Funky Bunch featuring Loleatta Holloway",1991,20
"""End of the Road""","Boyz II Men",1992,1
"""Baby Got Back""","Sir Mix-a-Lot",1992,2
"""Jump""","Kris Kross",1992,3
"""Save the Best for Last""","Vanessa Williams",1992,4
"""Baby-Baby-Baby""","TLC",1992,5
"""Tears in Heaven""","Eric Clapton",1992,6
"""My Lovin' (You're Never Gonna Get It)""","En Vogue",1992,7
"""Under the Bridge""","Red Hot Chili Peppers",1992,8
"""All 4 Love""","Color Me Badd",1992,9
"""Just Another Day""","Jon Secada",1992,10
"""I Love Your Smile""","Shanice",1992,11
"""To Be with You""","Mr. Big",1992,12
"""I'm Too Sexy""","Right Said Fred",1992,13
"""Black or White""","Michael Jackson",1992,14
"""Achy Breaky Heart""","Billy Ray Cyrus",1992,15
"""I'll Be There""","Mariah Carey",1992,16
"""November Rain""","Guns N' Roses",1992,17
"""Life Is a Highway""","Tom Cochrane",1992,18
"""Remember the Time""","Michael Jackson",1992,19
"""Finally""","CeCe Peniston",1992,20
"""I Will Always Love You""","Whitney Houston",1993,1
"""Whoomp! (There It Is)""","Tag Team",1993,2
"""Can't Help Falling in Love""","UB40",1993,3
"""That's the Way Love Goes""","Janet Jackson",1993,4
"""Freak Me""","Silk",1993,5
"""Weak""","SWV",1993,6
"""If I Ever Fall in Love""","Shai",1993,7
"""Dreamlover""","Mariah Carey",1993,8
"""Rump Shaker""","Wreckx-n-Effect",1993,9
"""Informer""","Snow",1993,10
"""Nuthin' but a 'G' Thang""","Dr. Dre",1993,11
"""In the Still of the Nite""","Boyz II Men",1993,12
"""Don't Walk Away""","Jade",1993,13
"""Knockin' da Boots""","H-Town",1993,14
"""Lately""","Jodeci",1993,15
"""Dazzey Duks""","Duice",1993,16
"""Show Me Love""","Robin S.",1993,17
"""A Whole New World""","Peabo Bryson and Regina Belle",1993,18
"""If""","Janet Jackson",1993,19
"""I'm So Into You""","SWV",1993,20
"""The Sign""","Ace of Base",1994,1
"""I Swear""","All-4-One",1994,2
"""I'll Make Love to You""","Boyz II Men",1994,3
"""The Power of Love""","Celine Dion",1994,4
"""Hero""","Mariah Carey",1994,5
"""Stay (I Missed You)""","Lisa Loeb and Nine Stories",1994,6
"""Breathe Again""","Toni Braxton",1994,7
"""All for Love""","Bryan Adams, Rod Stewart and Sting",1994,8
"""All That She Wants""","Ace of Base",1994,9
"""Don't Turn Around""","Ace of Base",1994,10
"""Bump n' Grind""","R. Kelly",1994,11
"""Again""","Janet Jackson",1994,12
"""I'll Remember""","Madonna",1994,13
"""Whatta Man""","Salt-n-Pepa featuring En Vogue",1994,14
"""Wild Night""","John Mellencamp with Meshell Ndegeocello",1994,15
"""Without You"" / ""Never Forget You""","Mariah Carey",1994,16
"""You Mean the World to Me""","Toni Braxton",1994,17
"""Can You Feel the Love Tonight""","Elton John",1994,18
"""The Most Beautiful Girl in the World""","Prince",1994,19
"""Fantastic Voyage""","Coolio",1994,20
"""Gangsta's Paradise""","Coolio featuring L.V.",1995,1
"""Waterfalls""","TLC",1995,2
"""Creep""","TLC",1995,3
"""Kiss from a Rose""","Seal",1995,4
"""On Bended Knee""","Boyz II Men",1995,5
"""Another Night""","Real McCoy",1995,6
"""Fantasy""","Mariah Carey",1995,7
"""Take a Bow""","Madonna",1995,8
"""Don't Take It Personal (Just One of Dem Days)""","Monica",1995,9
"""This Is How We Do It""","Montell Jordan",1995,10
"""I Know""","Dionne Farris",1995,11
"""Water Runs Dry""","Boyz II Men",1995,12
"""Freak Like Me""","Adina Howard",1995,13
"""Run-Around""","Blues Traveler",1995,14
"""I Can Love You Like That""","All-4-One",1995,15
"""Have You Ever Really Loved a Woman?""","Bryan Adams",1995,16
"""Always""","Bon Jovi",1995,17
"""Boombastic"" / ""In the Summertime""","Shaggy",1995,18
"""Total Eclipse of the Heart""","Nicki French",1995,19
"""You Gotta Be""","Des'ree",1995,20
"""Macarena (Bayside Boys Mix)""","Los del Río",1996,1
"""One Sweet Day""","Mariah Carey and Boyz II Men",1996,2
"""Because You Loved Me""","Celine Dion",1996,3
"""Nobody Knows""","The Tony Rich Project",1996,4
"""Always Be My Baby""","Mariah Carey",1996,5
"""Give Me One Reason""","Tracy Chapman",1996,6
"""Tha Crossroads""","Bone Thugs-n-Harmony",1996,7
"""I Love You Always Forever""","Donna Lewis",1996,8
"""You're Makin' Me High"" / ""Let It Flow""","Toni Braxton",1996,9
"""Twisted""","Keith Sweat",1996,10
"""C'mon N' Ride It (The Train)""","Quad City DJ's",1996,11
"""Missing""","Everything but the Girl",1996,12
"""Ironic""","Alanis Morissette",1996,13
"""Exhale (Shoop Shoop)""","Whitney Houston",1996,14
"""Follow You Down"" / ""Til I Hear It from You""","Gin Blossoms",1996,15
"""Sittin' Up in My Room""","Brandy",1996,16
"""How Do U Want It"" / ""California Love""","2Pac featuring K-Ci and JoJo / 2Pac featuring Dr. Dre and Roger Troutman",1996,17
"""It's All Coming Back to Me Now""","Celine Dion",1996,18
"""Change the World""","Eric Clapton",1996,19
"""Hey Lover""","LL Cool J featuring Boyz II Men",1996,20
"""Candle in the Wind 1997"" / ""Something About the Way You Look Tonight""","Elton John",1997,1
"""You Were Meant for Me"" / ""Foolish Games""","Jewel",1997,2
"""I'll Be Missing You""","Puff Daddy and Faith Evans featuring 112",1997,3
"""Un-Break My Heart""","Toni Braxton",1997,4
"""Can't Nobody Hold Me Down""","Puff Daddy featuring Mase",1997,5
"""I Believe I Can Fly""","R. Kelly",1997,6
"""Don't Let Go (Love)""","En Vogue",1997,7
"""Return of the Mack""","Mark Morrison",1997,8
"""How Do I Live""","LeAnn Rimes",1997,9
"""Wannabe""","Spice Girls",1997,10
"""Quit Playing Games (With My Heart)""","Backstreet Boys",1997,11
"""MMMBop""","Hanson",1997,12
"""For You I Will""","Monica",1997,13
"""You Make Me Wanna...""","Usher",1997,14
"""Bitch""","Meredith Brooks",1997,15
"""Nobody""","Keith Sweat featuring Athena Cage",1997,16
"""Semi-Charmed Life""","Third Eye Blind",1997,17
"""Barely Breathing""","Duncan Sheik",1997,18
"""Hard to Say I'm Sorry""","Az Yet featuring Peter Cetera",1997,19
"""Mo Money Mo Problems""","The Notorious B.I.G. featuring Puff Daddy and Mase",1997,20
"""Too Close""","Next",1998,1
"""The Boy Is Mine""","Brandy and Monica",1998,2
"""You're Still the One""","Shania Twain",1998,3
"""Truly Madly Deeply""","Savage Garden",1998,4
"""How Do I Live""","LeAnn Rimes",1998,5
"""Together Again""","Janet",1998,6
"""All My Life""","K-Ci & JoJo",1998,7
"""Candle in the Wind 1997"" / ""Something About the Way You Look Tonight""","Elton John",1998,8
"""Nice & Slow""","Usher",1998,9
"""I Don't Want to Wait""","Paula Cole",1998,10
"""How's It Going to Be""","Third Eye Blind",1998,11
"""No, No, No""","Destiny's Child",1998,12
"""My Heart Will Go On""","Celine Dion",1998,13
"""Gettin' Jiggy wit It""","Will Smith",1998,14
"""You Make Me Wanna...""","Usher",1998,15
"""My Way""","Usher",1998,16
"""My All""","Mariah Carey",1998,17
"""The First Night""","Monica",1998,18
"""Been Around the World""","Puff Daddy & the Family featuring The Notorious B.I.G. and Mase",1998,19
"""Adia""","Sarah McLachlan",1998,20
"""Believe""","Cher",1999,1
"""No Scrubs""","TLC",1999,2
"""Angel of Mine""","Monica",1999,3
"""Heartbreak Hotel""","Whitney Houston featuring Faith Evans and Kelly Price",1999,4
"""...Baby One More Time""","Britney Spears",1999,5
"""Kiss Me""","Sixpence None the Richer",1999,6
"""Genie in a Bottle""","Christina Aguilera",1999,7
"""Every Morning""","Sugar Ray",1999,8
"""Nobody's Supposed to Be Here""","Deborah Cox",1999,9
"""Livin' la Vida Loca""","Ricky Martin",1999,10
"""Where My Girls At?""","702",1999,11
"""If You Had My Love""","Jennifer Lopez",1999,12
"""Slide""","Goo Goo Dolls",1999,13
"""Have You Ever?""","Brandy",1999,14
"""I Want It That Way""","Backstreet Boys",1999,15
"""I'm Your Angel""","R. Kelly and Celine Dion",1999,16
"""All Star""","Smash Mouth",1999,17
"""Angel""","Sarah McLachlan",1999,18
"""Smooth""","Santana featuring Rob Thomas",1999,19
"""Unpretty""","TLC",1999,20
"""Breathe""","Faith Hill",2000,1
"""Smooth""","Santana featuring Rob Thomas",2000,2
"""Maria Maria""","Santana featuring The Product G&B",2000,3
"""I Wanna Know""","Joe",2000,4
"""Everything You Want""","Vertical Horizon",2000,5
"""Say My Name""","Destiny's Child",2000,6
"""I Knew I Loved You""","Savage Garden",2000,7
"""Amazed""","Lonestar",2000,8
"""Bent""","Matchbox Twenty",2000,9
"""He Wasn't Man Enough""","Toni Braxton",2000,10
"""Higher""","Creed",2000,11
"""Try Again""","Aaliyah",2000,12
"""Jumpin', Jumpin'""","Destiny's Child",2000,13
"""Thong Song""","Sisqó",2000,14
"""Kryptonite""","3 Doors Down",2000,15
"""There You Go""","Pink",2000,16
"""Music""","Madonna",2000,17
"""Doesn't Really Matter""","Janet Jackson",2000,18
"""What a Girl Wants""","Christina Aguilera",2000,19
"""Back at One""","Brian McKnight",2000,20
"""Hanging by a Moment""","Lifehouse",2001,1
"""Fallin'""","Alicia Keys",2001,2
"""All for You""","Janet Jackson",2001,3
"""Drops of Jupiter (Tell Me)""","Train",2001,4
"""I'm Real (Murder Remix)""","Jennifer Lopez featuring Ja Rule",2001,5
"""If You're Gone""","Matchbox Twenty",2001,6
"""Let Me Blow Ya Mind""","Eve featuring Gwen Stefani",2001,7
"""Thank You""","Dido",2001,8
"""Again""","Lenny Kravitz",2001,9
"""Independent Women Part I""","Destiny's Child",2001,10
"""Hit 'Em Up Style (Oops!)""","Blu Cantrell",2001,11
"""It Wasn't Me""","Shaggy featuring Rikrok",2001,12
"""Stutter""","Joe featuring Mystikal",2001,13
"""It's Been Awhile""","Staind",2001,14
"""U Remind Me""","Usher",2001,15
"""Where the Party At""","Jagged Edge with Nelly",2001,16
"""Angel""","Shaggy featuring Rayvon",2001,17
"""Ride wit Me""","Nelly featuring City Spud",2001,18
"""Follow Me""","Uncle Kracker",2001,19
"""Peaches & Cream""","112",2001,20
"""How You Remind Me""","Nickelback",2002,1
"""Foolish""","Ashanti",2002,2
"""Hot in Herre""","Nelly",2002,3
"""Dilemma""","Nelly featuring Kelly Rowland",2002,4
"""Wherever You Will Go""","The Calling",2002,5
"""A Thousand Miles""","Vanessa Carlton",2002,6
"""In the End""","Linkin Park",2002,7
"""What's Luv?""","Fat Joe featuring Ashanti",2002,8
"""U Got It Bad""","Usher",2002,9
"""Blurry""","Puddle of Mudd",2002,10
"""Complicated""","Avril Lavigne",2002,11
"""Always on Time""","Ja Rule featuring Ashanti",2002,12
"""Ain't It Funny (Murder Remix)""","Jennifer Lopez featuring Ja Rule",2002,13
"""The Middle""","Jimmy Eat World",2002,14
"""I Need a Girl (Part One)""","P. Diddy featuring Usher and Loon",2002,15
"""U Don't Have to Call""","Usher",2002,16
"""Family Affair""","Mary J. Blige",2002,17
"""I Need a Girl (Part Two)""","P. Diddy featuring Ginuwine, Loon and Mario Winans",2002,18
"""Gangsta Lovin'""","Eve featuring Alicia Keys",2002,19
"""My Sacrifice""","Creed",2002,20
"""In da Club""","50 Cent",2003,1
"""Ignition""","R. Kelly",2003,2
"""Get Busy""","Sean Paul",2003,3
"""Crazy in Love""","Beyoncé featuring Jay-Z",2003,4
"""When I'm Gone""","3 Doors Down",2003,5
"""Unwell""","Matchbox Twenty",2003,6
"""Right Thurr""","Chingy",2003,7
"""Miss You""","Aaliyah",2003,8
"""Picture""","Kid Rock featuring Sheryl Crow",2003,9
"""Bring Me to Life""","Evanescence featuring Paul McCoy",2003,10
"""Get Low""","Lil Jon & The East Side Boyz featuring Ying Yang Twins",2003,11
"""Baby Boy""","Beyoncé featuring Sean Paul",2003,12
"""Shake Ya Tailfeather""","Nelly, P. Diddy and Murphy Lee",2003,13
"""21 Questions""","50 Cent featuring Nate Dogg",2003,14
"""All I Have""","Jennifer Lopez featuring LL Cool J",2003,15
"""Beautiful""","Christina Aguilera",2003,16
"""I Know What You Want""","Busta Rhymes and Mariah Carey featuring Flipmode Squad",2003,17
"""I'm with You""","Avril Lavigne",2003,18
"""Drift Away""","Uncle Kracker featuring Dobie Gray",2003,19
"""Magic Stick""","Lil' Kim featuring 50 Cent",2003,20
"""Yeah!""","Usher featuring Lil Jon and Ludacris",2004,1
"""Burn""","Usher",2004,2
"""If I Ain't Got You""","Alicia Keys",2004,3
"""This Love""","Maroon 5",2004,4
"""The Way You Move""","OutKast featuring Sleepy Brown",2004,5
"""The Reason""","Hoobastank",2004,6
"""I Don't Wanna Know""","Mario Winans featuring Enya and P. Diddy",2004,7
"""Hey Ya!""","OutKast",2004,8
"""Goodies""","Ciara featuring Petey Pablo",2004,9
"""Lean Back""","Terror Squad featuring Fat Joe and Remy Ma",2004,10
"""Tipsy""","J-Kwon",2004,11
"""Confessions Part II""","Usher",2004,12
"""Slow Motion""","Juvenile featuring Soulja Slim",2004,13
"""Freek-a-Leek""","Petey Pablo",2004,14
"""Here Without You""","3 Doors Down",2004,15
"""Slow Jamz""","Twista featuring Kanye West and Jamie Foxx",2004,16
"""Someday""","Nickelback",2004,17
"""Naughty Girl""","Beyoncé",2004,18
"""My Immortal""","Evanescence",2004,19
"""Sunshine""","Lil' Flip featuring Lea",2004,20
"""We Belong Together""","Mariah Carey",2005,1
"""Hollaback Girl""","Gwen Stefani",2005,2
"""Let Me Love You""","Mario",2005,3
"""Since U Been Gone""","Kelly Clarkson",2005,4
"""1, 2 Step""","Ciara featuring Missy Elliott",2005,5
"""Gold Digger""","Kanye West featuring Jamie Foxx",2005,6
"""Boulevard of Broken Dreams""","Green Day",2005,7
"""Candy Shop""","50 Cent featuring Olivia",2005,8
"""Don't Cha""","The Pussycat Dolls featuring Busta Rhymes",2005,9
"""Behind These Hazel Eyes""","Kelly Clarkson",2005,10
"""Disco Inferno""","50 Cent",2005,11
"""You and Me""","Lifehouse",2005,12
"""Don't Phunk with My Heart""","The Black Eyed Peas",2005,13
"""Lose Control""","Missy Elliott featuring Ciara and Fatman Scoop",2005,14
"""Shake It Off""","Mariah Carey",2005,15
"""Mr. Brightside""","The Killers",2005,16
"""Just a Lil Bit""","50 Cent",2005,17
"""Pon de Replay""","Rihanna",2005,18
"""How We Do""","The Game featuring 50 Cent",2005,19
"""Beverly Hills""","Weezer",2005,20
"""Bad Day""","Daniel Powter",2006,1
"""Temperature""","Sean Paul",2006,2
"""Promiscuous""","Nelly Furtado featuring Timbaland",2006,3
"""You're Beautiful""","James Blunt",2006,4
"""Hips Don't Lie""","Shakira featuring Wyclef Jean",2006,5
"""Unwritten""","Natasha Bedingfield",2006,6
"""Crazy""","Gnarls Barkley",2006,7
"""Ridin'""","Chamillionaire featuring Krayzie Bone",2006,8
"""SexyBack""","Justin Timberlake featuring Timbaland",2006,9
"""Check on It""","Beyoncé featuring Slim Thug and Bun B",2006,10
"""Be Without You""","Mary J. Blige",2006,11
"""Grillz""","Nelly featuring Paul Wall and Ali & Gipp",2006,12
"""Over My Head (Cable Car)""","The Fray",2006,13
"""Me & U""","Cassie",2006,14
"""Buttons""","Pussycat Dolls featuring Snoop Dogg",2006,15
"""Run It!""","Chris Brown featuring Juelz Santana",2006,16
"""So Sick""","Ne-Yo",2006,17
"""It's Goin' Down""","Yung Joc featuring Nitti",2006,18
"""SOS""","Rihanna",2006,19
"""I Write Sins Not Tragedies""","Panic! at the Disco",2006,20
"""Irreplaceable""","Beyoncé",2007,1
"""Umbrella""","Rihanna featuring Jay-Z",2007,2
"""The Sweet Escape""","Gwen Stefani featuring Akon",2007,3
"""Big Girls Don't Cry""","Fergie",2007,4
"""Buy U a Drank (Shawty Snappin')""","T-Pain featuring Yung Joc",2007,5
"""Before He Cheats""","Carrie Underwood",2007,6
"""Hey There Delilah""","Plain White T's",2007,7
"""I Wanna Love You""","Akon featuring Snoop Dogg",2007,8
"""Say It Right""","Nelly Furtado",2007,9
"""Glamorous""","Fergie featuring Ludacris",2007,10
"""Don't Matter""","Akon",2007,11
"""Girlfriend""","Avril Lavigne",2007,12
"""Makes Me Wonder""","Maroon 5",2007,13
"""Party Like a Rockstar""","Shop Boyz",2007,14
"""Smack That""","Akon featuring Eminem",2007,15
"""This Is Why I'm Hot""","Mims",2007,16
"""It's Not Over""","Daughtry",2007,17
"""The Way I Are""","Timbaland featuring Keri Hilson",2007,18
"""Fergalicious""","Fergie featuring will.i.am",2007,19
"""Crank That (Soulja Boy)""","Soulja Boy Tell 'Em",2007,20
"""Low""","Flo Rida featuring T-Pain",2008,1
"""Bleeding Love""","Leona Lewis",2008,2
"""No One""","Alicia Keys",2008,3
"""Lollipop""","Lil Wayne featuring Static Major",2008,4
"""Apologize""","OneRepublic",2008,5
"""No Air""","Jordin Sparks and Chris Brown",2008,6
"""Love Song""","Sara Bareilles",2008,7
"""Love in This Club""","Usher featuring Young Jeezy",2008,8
"""With You""","Chris Brown",2008,9
"""Forever""","Chris Brown",2008,10
"""Sexy Can I""","Ray J featuring Yung Berg",2008,11
"""Take a Bow""","Rihanna",2008,12
"""Viva la Vida""","Coldplay",2008,13
"""I Kissed a Girl""","Katy Perry",2008,14
"""Whatever You Like""","T.I.",2008,15
"""Disturbia""","Rihanna",2008,16
"""Don't Stop the Music""","Rihanna",2008,17
"""Pocketful of Sunshine""","Natasha Bedingfield",2008,18
"""Kiss Kiss""","Chris Brown featuring T-Pain",2008,19
"""Closer""","Ne-Yo",2008,20
"""Boom Boom Pow""","The Black Eyed Peas",2009,1
"""Poker Face""","Lady Gaga",2009,2
"""Just Dance""","Lady Gaga featuring Colby O'Donis",2009,3
"""I Gotta Feeling""","The Black Eyed Peas",2009,4
"""Love Story""","Taylor Swift",2009,5
"""Right Round""","Flo Rida",2009,6
"""I'm Yours""","Jason Mraz",2009,7
"""Single Ladies (Put a Ring on It)""","Beyoncé",2009,8
"""Heartless""","Kanye West",2009,9
"""Gives You Hell""","The All-American Rejects",2009,10
"""You Belong with Me""","Taylor Swift",2009,11
"""Dead and Gone""","T.I. featuring Justin Timberlake",2009,12
"""You Found Me""","The Fray",2009,13
"""Use Somebody""","Kings of Leon",2009,14
"""Knock You Down""","Keri Hilson featuring Kanye West and Ne-Yo",2009,15
"""Blame It""","Jamie Foxx featuring T-Pain",2009,16
"""I Know You Want Me (Calle Ocho)""","Pitbull",2009,17
"""Live Your Life""","T.I. featuring Rihanna",2009,18
"""Kiss Me thru the Phone""","Soulja Boy Tell 'Em featuring Sammie",2009,19
"""Down""","Jay Sean featuring Lil Wayne",2009,20
"""Tik Tok""","Kesha",2010,1
"""Need You Now""","Lady Antebellum",2010,2
"""Hey, Soul Sister""","Train",2010,3
"""California Gurls""","Katy Perry featuring Snoop Dogg",2010,4
"""OMG""","Usher featuring will.i.am",2010,5
"""Airplanes""","B.o.B featuring Hayley Williams",2010,6
"""Love the Way You Lie""","Eminem featuring Rihanna",2010,7
"""Bad Romance""","Lady Gaga",2010,8
"""Dynamite""","Taio Cruz",2010,9
"""Break Your Heart""","Taio Cruz featuring Ludacris",2010,10
"""Nothin' on You""","B.o.B featuring Bruno Mars",2010,11
"""I Like It""","Enrique Iglesias featuring Pitbull",2010,12
"""BedRock""","Young Money featuring Lloyd",2010,13
"""In My Head""","Jason Derulo",2010,14
"""Rude Boy""","Rihanna",2010,15
"""Telephone""","Lady Gaga featuring Beyoncé",2010,16
"""Teenage Dream""","Katy Perry",2010,17
"""Just the Way You Are""","Bruno Mars",2010,18
"""Cooler Than Me""","Mike Posner",2010,19
"""Imma Be""","The Black Eyed Peas",2010,20
"""Rolling in the Deep""","Adele",2011,1
"""Party Rock Anthem""","LMFAO featuring Lauren Bennett and GoonRock",2011,2
"""Firework""","Katy Perry",2011,3
"""E.T.""","Katy Perry featuring Kanye West",2011,4
"""Give Me Everything""","Pitbull featuring Ne-Yo, Afrojack and Nayer",2011,5
"""Grenade""","Bruno Mars",2011,6
"""Fuck You (Forget You)""","CeeLo Green",2011,7
"""Super Bass""","Nicki Minaj",2011,8
"""Moves like Jagger""","Maroon 5 featuring Christina Aguilera",2011,9
"""Just Can't Get Enough""","The Black Eyed Peas",2011,10
"""On the Floor""","Jennifer Lopez featuring Pitbull",2011,11
"""S&M""","Rihanna",2011,12
"""Pumped Up Kicks""","Foster the People",2011,13
"""Last Friday Night (T.G.I.F.)""","Katy Perry",2011,14
"""Just the Way You Are""","Bruno Mars",2011,15
"""Tonight (I'm Lovin' You)""","Enrique Iglesias featuring Ludacris and DJ Frank E",2011,16
"""Raise Your Glass""","Pink",2011,17
"""Born This Way""","Lady Gaga",2011,18
"""Fuckin' Perfect""","Pink",2011,19
"""What's My Name?""","Rihanna featuring Drake",2011,20
NA,NA,2012,1
NA,NA,2012,2
NA,NA,2012,3
NA,NA,2012,4
NA,NA,2012,5
NA,NA,2012,6
NA,NA,2012,7
NA,NA,2012,8
NA,NA,2012,9
NA,NA,2012,10
NA,NA,2012,11
NA,NA,2012,12
NA,NA,2012,13
NA,NA,2012,14
NA,NA,2012,15
NA,NA,2012,16
NA,NA,2012,17
NA,NA,2012,18
NA,NA,2012,19
NA,NA,2012,20
NA,NA,2013,1
NA,NA,2013,2
NA,NA,2013,3
NA,NA,2013,4
NA,NA,2013,5
NA,NA,2013,6
NA,NA,2013,7
NA,NA,2013,8
NA,NA,2013,9
NA,NA,2013,10
NA,NA,2013,11
NA,NA,2013,12
NA,NA,2013,13
NA,NA,2013,14
NA,NA,2013,15
NA,NA,2013,16
NA,NA,2013,17
NA,NA,2013,18
NA,NA,2013,19
NA,NA,2013,20
"""Happy""","Pharrell Williams",2014,1
"""Dark Horse""","Katy Perry featuring Juicy J",2014,2
"""All of Me""","John Legend",2014,3
"""Fancy""","Iggy Azalea featuring Charli XCX",2014,4
"""Counting Stars""","OneRepublic",2014,5
"""Talk Dirty""","Jason Derulo featuring 2 Chainz",2014,6
"""Rude""","Magic!",2014,7
"""All About That Bass""","Meghan Trainor",2014,8
"""Problem""","Ariana Grande featuring Iggy Azalea",2014,9
"""Stay with Me""","Sam Smith",2014,10
"""Timber""","Pitbull featuring Kesha",2014,11
"""Pompeii""","Bastille",2014,12
"""Shake It Off""","Taylor Swift",2014,13
"""Am I Wrong""","Nico & Vinz",2014,14
"""Turn Down for What""","DJ Snake and Lil Jon",2014,15
"""The Monster""","Eminem featuring Rihanna",2014,16
"""Say Something""","A Great Big World and Christina Aguilera",2014,17
"""Team""","Lorde",2014,18
"""Let Her Go""","Passenger",2014,19
"""Royals""","Lorde",2014,20
"""Uptown Funk""","Mark Ronson featuring Bruno Mars",2015,1
"""Thinking Out Loud""","Ed Sheeran",2015,2
"""See You Again""","Wiz Khalifa featuring Charlie Puth",2015,3
"""Trap Queen""","Fetty Wap",2015,4
"""Sugar""","Maroon 5",2015,5
"""Shut Up and Dance""","Walk the Moon",2015,6
"""Blank Space""","Taylor Swift",2015,7
"""Watch Me""","Silentó",2015,8
"""Earned It""","The Weeknd",2015,9
"""The Hills""","The Weeknd",2015,10
"""Cheerleader (Felix Jaehn Remix)""","OMI",2015,11
"""Can't Feel My Face""","The Weeknd",2015,12
"""Love Me Like You Do""","Ellie Goulding",2015,13
"""Take Me to Church""","Hozier",2015,14
"""Bad Blood""","Taylor Swift featuring Kendrick Lamar",2015,15
"""Lean On""","Major Lazer and DJ Snake featuring MØ",2015,16
"""Want to Want Me""","Jason Derulo",2015,17
"""Shake It Off""","Taylor Swift",2015,18
"""Where Are Ü Now""","Skrillex and Diplo (Jack Ü) featuring Justin Bieber",2015,19
"""Fight Song""","Rachel Platten",2015,20
"""Love Yourself""","Justin Bieber",2016,1
"""Sorry""","Justin Bieber",2016,2
"""One Dance""","Drake featuring Wizkid and Kyla",2016,3
"""Work""","Rihanna featuring Drake",2016,4
"""Stressed Out""","Twenty One Pilots",2016,5
"""Panda""","Desiigner",2016,6
"""Hello""","Adele",2016,7
"""Don't Let Me Down""","The Chainsmokers featuring Daya",2016,8
"""Can't Stop the Feeling!""","Justin Timberlake",2016,9
"""Closer""","The Chainsmokers featuring Halsey",2016,10
"""Cheap Thrills""","Sia featuring Sean Paul",2016,11
"""7 Years""","Lukas Graham",2016,12
"""Needed Me""","Rihanna",2016,13
"""My House""","Flo Rida",2016,14
"""I Took a Pill in Ibiza""","Mike Posner",2016,15
"""Work from Home""","Fifth Harmony featuring Ty Dolla Sign",2016,16
"""This Is What You Came For""","Calvin Harris featuring Rihanna",2016,17
"""Cake by the Ocean""","DNCE",2016,18
"""Me, Myself & I""","G-Eazy and Bebe Rexha",2016,19
"""Ride""","Twenty One Pilots",2016,20
"""Shape of You""","Ed Sheeran",2017,1
"""Despacito (Remix)""","Luis Fonsi and Daddy Yankee featuring Justin Bieber",2017,2
"""That's What I Like""","Bruno Mars",2017,3
"""Humble""","Kendrick Lamar",2017,4
"""Something Just Like This""","The Chainsmokers and Coldplay",2017,5
"""Bad and Boujee""","Migos featuring Lil Uzi Vert",2017,6
"""Closer""","The Chainsmokers featuring Halsey",2017,7
"""Body Like a Back Road""","Sam Hunt",2017,8
"""Believer""","Imagine Dragons",2017,9
"""Congratulations""","Post Malone featuring Quavo",2017,10
"""Say You Won't Let Go""","James Arthur",2017,11
"""I'm the One""","DJ Khaled featuring Justin Bieber, Quavo, Chance the Rapper and Lil Wayne",2017,12
"""XO Tour Llif3""","Lil Uzi Vert",2017,13
"""Mask Off""","Future",2017,14
"""Unforgettable""","French Montana featuring Swae Lee",2017,15
"""24K Magic""","Bruno Mars",2017,16
"""Stay""","Zedd and Alessia Cara",2017,17
"""Wild Thoughts""","DJ Khaled featuring Rihanna and Bryson Tiller",2017,18
"""Black Beatles""","Rae Sremmurd featuring Gucci Mane",2017,19
"""Starboy""","The Weeknd featuring Daft Punk",2017,20
"""God's Plan""","Drake",2018,1
"""Perfect""","Ed Sheeran",2018,2
"""Meant to Be""","Bebe Rexha featuring Florida Georgia Line",2018,3
"""Havana""","Camila Cabello featuring Young Thug",2018,4
"""Rockstar""","Post Malone featuring 21 Savage",2018,5
"""Psycho""","Post Malone featuring Ty Dolla Sign",2018,6
"""I Like It""","Cardi B, Bad Bunny and J Balvin",2018,7
"""The Middle""","Zedd, Maren Morris and Grey",2018,8
"""In My Feelings""","Drake",2018,9
"""Girls Like You""","Maroon 5 featuring Cardi B",2018,10
"""Nice for What""","Drake",2018,11
"""Lucid Dreams""","Juice Wrld",2018,12
"""Better Now""","Post Malone",2018,13
"""Finesse""","Bruno Mars featuring Cardi B",2018,14
"""Boo'd Up""","Ella Mai",2018,15
"""New Rules""","Dua Lipa",2018,16
"""Sad!""","XXXTentacion",2018,17
"""Never Be the Same""","Camila Cabello",2018,18
"""Love Lies""","Khalid and Normani",2018,19
"""No Tears Left to Cry""","Ariana Grande",2018,20
"""Old Town Road""","Lil Nas X featuring Billy Ray Cyrus",2019,1
"""Sunflower""","Post Malone and Swae Lee",2019,2
"""Without Me""","Halsey",2019,3
"""Bad Guy""","Billie Eilish",2019,4
"""Wow""","Post Malone",2019,5
"""Happier""","Marshmello and Bastille",2019,6
"""7 Rings""","Ariana Grande",2019,7
"""Talk""","Khalid",2019,8
"""Sicko Mode""","Travis Scott",2019,9
"""Sucker""","Jonas Brothers",2019,10
"""High Hopes""","Panic! at the Disco",2019,11
"""Thank U, Next""","Ariana Grande",2019,12
"""Truth Hurts""","Lizzo",2019,13
"""Dancing with a Stranger""","Sam Smith and Normani",2019,14
"""Señorita""","Shawn Mendes and Camila Cabello",2019,15
"""I Don't Care""","Ed Sheeran and Justin Bieber",2019,16
"""Eastside""","Benny Blanco, Halsey and Khalid",2019,17
"""Going Bad""","Meek Mill featuring Drake",2019,18
"""Shallow""","Lady Gaga and Bradley Cooper",2019,19
"""Better""","Khalid",2019,20
"""Blinding Lights""","The Weeknd",2020,1
"""Circles""","Post Malone",2020,2
"""The Box""","Roddy Ricch",2020,3
"""Don't Start Now""","Dua Lipa",2020,4
"""Rockstar""","DaBaby featuring Roddy Ricch",2020,5
"""Adore You""","Harry Styles",2020,6
"""Life Is Good""","Future featuring Drake",2020,7
"""Memories""","Maroon 5",2020,8
"""The Bones""","Maren Morris",2020,9
"""Someone You Loved""","Lewis Capaldi",2020,10
"""Say So""","Doja Cat",2020,11
"""I Hope""","Gabby Barrett featuring Charlie Puth",2020,12
"""Whats Poppin""","Jack Harlow featuring DaBaby, Tory Lanez and Lil Wayne",2020,13
"""Dance Monkey""","Tones and I",2020,14
"""Savage""","Megan Thee Stallion featuring Beyoncé",2020,15
"""Roxanne""","Arizona Zervas",2020,16
"""Intentions""","Justin Bieber featuring Quavo",2020,17
"""Everything I Wanted""","Billie Eilish",2020,18
"""Roses (Imanbek remix)""","Saint Jhn",2020,19
"""Watermelon Sugar""","Harry Styles",2020,20
"""Levitating""","Dua Lipa",2021,1
"""Save Your Tears""","The Weeknd and Ariana Grande",2021,2
"""Blinding Lights""","The Weeknd",2021,3
"""Mood""","24kGoldn featuring Iann Dior",2021,4
"""Good 4 U""","Olivia Rodrigo",2021,5
"""Kiss Me More""","Doja Cat featuring SZA",2021,6
"""Leave the Door Open""","Silk Sonic (Bruno Mars and Anderson .Paak)",2021,7
"""Drivers License""","Olivia Rodrigo",2021,8
"""Montero (Call Me by Your Name)""","Lil Nas X",2021,9
"""Peaches""","Justin Bieber featuring Daniel Caesar and Giveon",2021,10
"""Butter""","BTS",2021,11
"""Stay""","The Kid Laroi and Justin Bieber",2021,12
"""Deja Vu""","Olivia Rodrigo",2021,13
"""Positions""","Ariana Grande",2021,14
"""Bad Habits""","Ed Sheeran",2021,15
"""Heat Waves""","Glass Animals",2021,16
"""Without You""","The Kid Laroi",2021,17
"""Forever After All""","Luke Combs",2021,18
"""Go Crazy""","Chris Brown and Young Thug",2021,19
"""Astronaut in the Ocean""","Masked Wolf",2021,20
"""Heat Waves""","Glass Animals",2022,1
"""As It Was""","Harry Styles",2022,2
"""Stay""","The Kid Laroi and Justin Bieber",2022,3
"""Easy on Me""","Adele",2022,4
"""Shivers""","Ed Sheeran",2022,5
"""First Class""","Jack Harlow",2022,6
"""Big Energy""","Latto",2022,7
"""Ghost""","Justin Bieber",2022,8
"""Super Gremlin""","Kodak Black",2022,9
"""Cold Heart (Pnau Remix)""","Elton John and Dua Lipa",2022,10
"""Wait for U""","Future featuring Drake and Tems",2022,11
"""About Damn Time""","Lizzo",2022,12
"""Bad Habits""","Ed Sheeran",2022,13
"""Thats What I Want""","Lil Nas X",2022,14
"""Enemy""","Imagine Dragons and JID",2022,15
"""Industry Baby""","Lil Nas X and Jack Harlow",2022,16
"""ABCDEFU""","Gayle",2022,17
"""Need to Know""","Doja Cat",2022,18
"""Wasted on You""","Morgan Wallen",2022,19
"""Me Porto Bonito""","Bad Bunny and Chencho Corleone",2022,20
"""Last Night""","Morgan Wallen",2023,1
"""Flowers""","Miley Cyrus",2023,2
"""Kill Bill""","SZA",2023,3
"""Anti-Hero""","Taylor Swift",2023,4
"""Creepin'""","Metro Boomin, the Weeknd and 21 Savage",2023,5
"""Calm Down""","Rema and Selena Gomez",2023,6
"""Die for You""","The Weeknd and Ariana Grande",2023,7
"""Fast Car""","Luke Combs",2023,8
"""Snooze""","SZA",2023,9
"""I'm Good (Blue)""","David Guetta and Bebe Rexha",2023,10
"""Unholy""","Sam Smith and Kim Petras",2023,11
"""You Proof""","Morgan Wallen",2023,12
"""Something in the Orange""","Zach Bryan",2023,13
"""Rich Flex""","Drake and 21 Savage",2023,14
"""As It Was""","Harry Styles",2023,15
"""Rock and a Hard Place""","Bailey Zimmerman",2023,16
"""Under the Influence""","Chris Brown",2023,17
"""Cruel Summer""","Taylor Swift",2023,18
"""Thinkin' Bout Me""","Morgan Wallen",2023,19
"""Boy's a Liar Pt. 2""","PinkPantheress and Ice Spice",2023,20
"""Lose Control""","Teddy Swims",2024,1
"""A Bar Song (Tipsy)""","Shaboozey",2024,2
"""Beautiful Things""","Benson Boone",2024,3
"""I Had Some Help""","Post Malone featuring Morgan Wallen",2024,4
"""Lovin on Me""","Jack Harlow",2024,5
"""Not Like Us""","Kendrick Lamar",2024,6
"""Espresso""","Sabrina Carpenter",2024,7
"""Million Dollar Baby""","Tommy Richman",2024,8
"""I Remember Everything""","Zach Bryan featuring Kacey Musgraves",2024,9
"""Too Sweet""","Hozier",2024,10
"""Stick Season""","Noah Kahan",2024,11
"""Cruel Summer""","Taylor Swift",2024,12
"""Greedy""","Tate McRae",2024,13
"""Like That""","Future, Metro Boomin and Kendrick Lamar",2024,14
"""Birds of a Feather""","Billie Eilish",2024,15
"""Please Please Please""","Sabrina Carpenter",2024,16
"""Agora Hills""","Doja Cat",2024,17
"""Good Luck, Babe!""","Chappell Roan",2024,18
"""Saturn""","SZA",2024,19
"""Snooze""","SZA",2024,20
